{
    "loss": 0.8251506686210632,
    "accuracy": 0.38793104887008667
}